LookupTime,FSSTime,MultiplicationTime,RotationTime,AdditionTime,o
10.441542ms,116.958µs,503µs,7.872583ms,105.499µs,[1]
8.724833ms,116.584µs,451.542µs,7.181166ms,102.625µs,[1]
8.562542ms,119.792µs,452.75µs,7.095333ms,102.125µs,[1]
8.810584ms,116µs,444.792µs,7.212542ms,101.499µs,[1]
8.52175ms,120.041µs,442.458µs,7.128666ms,101.168µs,[1]
8.954875ms,115.375µs,491.042µs,7.369041ms,104.667µs,[1]
8.949ms,115.291µs,479.125µs,7.367458ms,105.501µs,[1]
10.720166ms,119.542µs,459µs,9.223917ms,104.666µs,[1]
8.870167ms,116.167µs,431.083µs,7.153168ms,103.333µs,[1]
8.597125ms,115.292µs,429.083µs,7.228166ms,102.583µs,[1]
8.751916ms,115.125µs,552.042µs,7.181583ms,108.335µs,[1]
8.716291ms,115.041µs,428.083µs,7.273708ms,102.625µs,[1]
8.673791ms,115.541µs,457.084µs,7.194791ms,102.667µs,[1]
9.66875ms,115.375µs,450.917µs,7.194292ms,102.209µs,[1]
8.464083ms,116.292µs,438.541µs,7.062625ms,102.039µs,[1]
8.648208ms,115.375µs,442.125µs,7.271875ms,103.042µs,[1]
8.53275ms,115.5µs,457.667µs,7.047624ms,101.376µs,[1]
8.424792ms,115.5µs,427.125µs,7.061127ms,103.875µs,[1]
8.525084ms,115.458µs,537.958µs,7.067294ms,102.584µs,[1]
8.503708ms,115.041µs,432.25µs,7.126584ms,103.958µs,[1]
9.4225ms,115.542µs,435.667µs,8.065584ms,103.249µs,[1]
8.462416ms,115.958µs,438.792µs,7.059376ms,102.25µs,[1]
8.488333ms,117.292µs,432.625µs,7.109957ms,102.04µs,[1]
8.541375ms,117.916µs,439.041µs,7.155876ms,103.959µs,[1]
8.81575ms,116.583µs,432.875µs,7.282249ms,103.418µs,[1]
8.430292ms,115.417µs,456.375µs,7.049832ms,110.085µs,[1]
9.44875ms,119.708µs,441.167µs,7.057459ms,100.916µs,[1]
8.485375ms,115.709µs,457.458µs,7.080794ms,102.333µs,[1]
8.423083ms,115.667µs,432.583µs,7.06146ms,102.459µs,[1]
8.473916ms,117.459µs,431.042µs,7.05825ms,101.664µs,[1]
8.389291ms,115.5µs,427.958µs,7.037792ms,101.291µs,[1]
8.437834ms,115.458µs,430.834µs,7.080625ms,101.417µs,[1]
8.519125ms,115.542µs,433.917µs,7.159461ms,103.081µs,[1]
9.449125ms,115.291µs,444.875µs,8.07154ms,104.374µs,[1]
8.385875ms,114.958µs,424.5µs,7.047293ms,101.876µs,[1]
8.444625ms,118.5µs,454.125µs,7.058501ms,101.918µs,[1]
8.408708ms,115.292µs,429.709µs,7.051668ms,102.876µs,[1]
8.451417ms,118.167µs,426.583µs,7.055041ms,102.334µs,[1]
8.44075ms,115.208µs,427.292µs,7.042375ms,101.167µs,[1]
8.598958ms,115.125µs,429.208µs,7.103459ms,103.292µs,[1]
9.454ms,115.375µs,1.404291ms,7.123293ms,104.126µs,[1]
8.452459ms,115.917µs,438.292µs,7.076167ms,102.167µs,[1]
8.422875ms,119.666µs,429.792µs,7.035501ms,102.041µs,[1]
8.436ms,115.458µs,429.167µs,7.055624ms,103.084µs,[1]
8.390125ms,114.958µs,429.208µs,7.0405ms,102.043µs,[1]
8.394458ms,116.625µs,426.375µs,7.044251ms,102.708µs,[1]
8.429959ms,115.292µs,427.833µs,7.080126ms,101.626µs,[1]
8.962375ms,115.667µs,966.875µs,7.066958ms,103.752µs,[1]
8.529208ms,118.5µs,436.75µs,7.153167ms,103.917µs,[1]
8.427333ms,115.125µs,432.75µs,7.067335ms,102.041µs,[1]
8.466625ms,116.25µs,450.833µs,7.032124ms,101.834µs,[1]
8.457667ms,115.083µs,427.459µs,7.081458ms,102.999µs,[1]
8.435625ms,115.375µs,439.5µs,7.06575ms,101.752µs,[1]
8.499ms,115.625µs,429.125µs,7.143833ms,103.707µs,[1]
8.426583ms,115.417µs,430.292µs,7.05954ms,117.997µs,[1]
8.42325ms,116.208µs,434.792µs,7.060043ms,101.832µs,[1]
8.483583ms,115.458µs,430.459µs,7.113997ms,103.542µs,[1]
8.388916ms,115.417µs,438µs,7.040916ms,102.874µs,[1]
8.512667ms,116.375µs,440.166µs,7.053503ms,102.166µs,[1]
8.42775ms,115.708µs,432.5µs,7.057126ms,103.208µs,[1]
8.426708ms,115.041µs,436.417µs,7.036999ms,102.041µs,[1]
8.469125ms,115.458µs,431.625µs,7.0885ms,102.375µs,[1]
8.4ms,114.875µs,425.708µs,7.050002ms,102.707µs,[1]
8.42175ms,115.75µs,430.167µs,7.067209ms,103.747µs,[1]
8.435667ms,115.458µs,428.917µs,7.083165ms,102.249µs,[1]
8.477167ms,117.5µs,483.625µs,7.063582ms,101.585µs,[1]
8.450375ms,116.084µs,432.834µs,7.0435ms,107.625µs,[1]
8.48ms,115.416µs,428.167µs,7.10925ms,101.916µs,[1]
8.420084ms,115.25µs,429.625µs,7.070666ms,103.251µs,[1]
8.548875ms,115.791µs,430.5µs,7.17979ms,103.291µs,[1]
8.41175ms,115.208µs,432.417µs,7.053501ms,101.083µs,[1]
8.371875ms,115.333µs,428.208µs,7.023918ms,103.124µs,[1]
8.465166ms,115.125µs,428.625µs,7.112751ms,101.457µs,[1]
8.43475ms,114.75µs,428.625µs,7.069042ms,103.04µs,[1]
8.503083ms,115.708µs,431.25µs,7.042583ms,101.417µs,[1]
8.45575ms,114.958µs,428.834µs,7.069539ms,102.542µs,[1]
8.443959ms,117.125µs,433.333µs,7.094458ms,101.918µs,[1]
8.53925ms,115.625µs,430.083µs,7.171543ms,102.874µs,[1]
8.457084ms,115.167µs,436.542µs,7.081667ms,101.042µs,[1]
8.410625ms,115.292µs,430.375µs,7.06175ms,106.126µs,[1]
8.437833ms,115.208µs,436.042µs,7.06871ms,103.126µs,[1]
9.44275ms,115.167µs,455.417µs,7.045625ms,102.877µs,[1]
8.539542ms,115.916µs,425.917µs,7.155959ms,105.167µs,[1]
8.491917ms,115.583µs,455.75µs,7.096251ms,101.958µs,[1]
8.398083ms,115.375µs,428.833µs,7.045127ms,108.042µs,[1]
8.627416ms,115.541µs,430.291µs,7.260626ms,103.125µs,[1]
8.387959ms,114.875µs,427.417µs,7.036293ms,104.209µs,[1]
8.390875ms,115.75µs,441.125µs,7.036668ms,101.626µs,[1]
10.316708ms,130.792µs,527.959µs,7.083123ms,103.044µs,[1]
8.41325ms,115.042µs,428.875µs,7.055417ms,103.21µs,[1]
8.620625ms,118.125µs,430.583µs,7.183751ms,102.708µs,[1]
8.484333ms,115.083µs,432µs,7.116168ms,101.501µs,[1]
8.410334ms,116.416µs,430.709µs,7.061166ms,102.625µs,[1]
8.411417ms,115.125µs,427.75µs,7.070748ms,102.709µs,[1]
8.447917ms,115.208µs,434.875µs,7.099918ms,101.875µs,[1]
9.393333ms,115.709µs,432.084µs,7.044959ms,101.208µs,[1]
8.472375ms,115.333µs,461.25µs,7.076834ms,101.751µs,[1]
8.416584ms,115.25µs,431.25µs,7.058753ms,101.584µs,[1]
8.582166ms,115.417µs,428.583µs,7.059293ms,102.75µs,[1]
8.50625ms,115.375µs,438.5µs,7.096292ms,109.956µs,[1]
8.390625ms,115.5µs,428.542µs,7.046457ms,101.708µs,[1]
8.541083ms,115.875µs,430.25µs,7.147374ms,120.207µs,[1]
9.67975ms,116.292µs,426.542µs,7.120418ms,102.251µs,[1]
8.427584ms,115.292µs,430.666µs,7.064874ms,101.041µs,[1]
8.589459ms,116.125µs,441.833µs,7.199375ms,105.167µs,[1]
8.636584ms,115.416µs,444.792µs,7.259ms,111.834µs,[1]
8.436292ms,118.458µs,427.834µs,7.037417ms,103.876µs,[1]
8.416042ms,118.584µs,433.625µs,7.062082ms,110.582µs,[1]
8.382583ms,115.459µs,435.583µs,7.031123ms,101.082µs,[1]
9.58725ms,115.541µs,504.792µs,7.11175ms,102.503µs,[1]
8.571375ms,115.042µs,545.167µs,7.082833ms,101.667µs,[1]
8.402875ms,163.375µs,432.542µs,7.035624ms,110.748µs,[1]
8.472875ms,115.75µs,437.708µs,7.061709ms,102.04µs,[1]
8.402125ms,115.333µs,435.625µs,7.047544ms,101.833µs,[1]
8.42625ms,118.625µs,427.292µs,7.039248ms,102.374µs,[1]
8.453541ms,115µs,429.25µs,7.097583ms,101.79µs,[1]
9.282584ms,116.583µs,426.834µs,7.928749ms,108.5µs,[1]
8.435167ms,115.625µs,432.5µs,7.082877ms,102.793µs,[1]
8.443667ms,115.042µs,432.791µs,7.08575ms,101.919µs,[1]
8.40875ms,115.291µs,429.125µs,7.066791ms,102.625µs,[1]
8.469167ms,115.208µs,462.541µs,7.082832ms,103.042µs,[1]
8.39375ms,115.042µs,435.125µs,7.040708ms,103.164µs,[1]
8.414042ms,139.834µs,427.708µs,7.038291ms,101.832µs,[1]
9.661625ms,115.125µs,431.458µs,7.117582ms,101.583µs,[1]
8.409583ms,115.25µs,430.125µs,7.065083ms,101.5µs,[1]
8.485125ms,115.417µs,440.625µs,7.105752ms,102.001µs,[1]
8.417083ms,115.208µs,431.167µs,7.067959ms,101.292µs,[1]
8.40925ms,117.5µs,429.166µs,7.037122ms,101.584µs,[1]
8.39975ms,115.75µs,431.459µs,7.049293ms,101.54µs,[1]
8.403333ms,115.75µs,430.125µs,7.052125ms,101.832µs,[1]
11.201334ms,115µs,433.666µs,7.107708ms,102.042µs,[1]
8.451708ms,114.708µs,424.833µs,7.10554ms,101.876µs,[1]
8.405542ms,115.166µs,430.167µs,7.052376ms,103.167µs,[1]
8.59775ms,115.208µs,596.209µs,7.076916ms,101.084µs,[1]
8.451ms,115.167µs,447.25µs,7.074041ms,102.044µs,[1]
8.412ms,114.958µs,426.833µs,7.059665ms,103.667µs,[1]
8.420959ms,115.625µs,429.708µs,7.052209ms,103.124µs,[1]
9.401875ms,115.334µs,432.041µs,7.039042ms,105.084µs,[1]
8.437958ms,115.833µs,430.667µs,7.078541ms,105.457µs,[1]
8.4185ms,116.125µs,429µs,7.060207ms,101.499µs,[1]
8.387834ms,115µs,427.625µs,7.04496ms,101.127µs,[1]
8.430625ms,115.333µs,437.5µs,7.076791ms,101.499µs,[1]
8.406875ms,115.541µs,425.875µs,7.06571ms,104.333µs,[1]
8.417042ms,115.166µs,428.542µs,7.043332ms,101.625µs,[1]
8.675208ms,141.208µs,429.5µs,7.052748ms,103.083µs,[1]
8.411ms,115.042µs,430.084µs,7.056665ms,103.084µs,[1]
8.488417ms,115.125µs,440.792µs,7.119165ms,103.166µs,[1]
8.446583ms,115.125µs,428.375µs,7.092417ms,105.417µs,[1]
8.410583ms,115.583µs,429.75µs,7.065708ms,101.957µs,[1]
8.421667ms,115.458µs,430.458µs,7.068667ms,104.166µs,[1]
8.441667ms,114.792µs,428.875µs,7.085041ms,101.377µs,[1]
9.703208ms,115.542µs,429.333µs,8.340959ms,106.081µs,[1]
8.479417ms,115.625µs,442.125µs,7.087501ms,102.001µs,[1]
8.407167ms,117.125µs,426.292µs,7.046376ms,103.418µs,[1]
8.553541ms,116.375µs,430.5µs,7.191748ms,102.626µs,[1]
8.4315ms,115.584µs,425.958µs,7.085876ms,102.21µs,[1]
8.396416ms,116.292µs,435.625µs,7.041376ms,101.581µs,[1]
8.451292ms,115.292µs,445.041µs,7.085542ms,102.75µs,[1]
9.49825ms,115µs,431.958µs,8.135166ms,117.917µs,[1]
8.792375ms,115.917µs,428.917µs,7.318291ms,103.418µs,[1]
8.452375ms,115.541µs,431.583µs,7.090666ms,101.791µs,[1]
8.410708ms,114.833µs,428.125µs,7.05375ms,101.5µs,[1]
8.502292ms,115.292µs,430.708µs,7.142584ms,102.333µs,[1]
8.462083ms,115.166µs,426.042µs,7.108667ms,107.998µs,[1]
8.383459ms,115.208µs,426.833µs,7.037875ms,102.624µs,[1]
9.476083ms,115.5µs,430.458µs,8.127584ms,103.583µs,[1]
8.427208ms,115.542µs,434.084µs,7.059335ms,103.165µs,[1]
8.665917ms,115.417µs,430.792µs,7.157334ms,103.082µs,[1]
8.445917ms,115.625µs,434.625µs,7.079124ms,101.292µs,[1]
8.410417ms,115.125µs,434.208µs,7.064958ms,102.041µs,[1]
8.457917ms,115.208µs,429.458µs,7.109833ms,103.165µs,[1]
8.441667ms,115.209µs,427.291µs,7.088167ms,103.335µs,[1]
9.56925ms,118.292µs,428.458µs,8.224625ms,103.168µs,[1]
8.402208ms,115.208µs,430.791µs,7.056668ms,103.25µs,[1]
8.429459ms,115.042µs,437.917µs,7.04325ms,109.625µs,[1]
8.628292ms,117.458µs,429.166µs,7.217459ms,103.167µs,[1]
8.481584ms,115.459µs,436.291µs,7.112666ms,106.25µs,[1]
8.46025ms,116.875µs,426.791µs,7.100084ms,105.501µs,[1]
8.375042ms,114.75µs,425.375µs,7.040874ms,102.084µs,[1]
9.604458ms,115.25µs,597.583µs,8.066498ms,103.21µs,[1]
8.39225ms,115.458µs,439.5µs,7.036415ms,101.416µs,[1]
8.537542ms,130.125µs,486.5µs,7.09096ms,108.875µs,[1]
8.455916ms,115.209µs,431.083µs,7.090751ms,101.998µs,[1]
8.428167ms,118.75µs,428.208µs,7.041917ms,103.458µs,[1]
8.396375ms,115.584µs,429.042µs,7.04475ms,102.125µs,[1]
8.408667ms,116.459µs,426.166µs,7.05ms,101.081µs,[1]
9.625834ms,115.25µs,428.625µs,8.269997ms,104.751µs,[1]
8.432833ms,115.166µs,448.084µs,7.065959ms,102.581µs,[1]
8.426916ms,115.292µs,440.208µs,7.05029ms,102.001µs,[1]
8.43675ms,115.291µs,446.083µs,7.057543ms,101.75µs,[1]
8.413ms,115.708µs,425.625µs,7.054875ms,101.877µs,[1]
8.391625ms,118.625µs,425.916µs,7.031668ms,101.294µs,[1]
8.585542ms,115.25µs,433.792µs,7.212376ms,102.209µs,[1]
9.520834ms,115.209µs,434.958µs,8.167209ms,104.167µs,[1]
8.675125ms,115.166µs,453.125µs,7.280873ms,102.417µs,[1]
8.405542ms,115.666µs,433.833µs,7.048335ms,101.501µs,[1]
8.420917ms,118.375µs,429.417µs,7.061582ms,102.081µs,[1]
8.387666ms,115.542µs,432.75µs,7.031956ms,101.625µs,[1]
8.378167ms,115.292µs,425.583µs,7.039874ms,102.831µs,[1]
8.41225ms,116.083µs,429.792µs,7.039958ms,102.707µs,[1]
9.498833ms,115.625µs,437.625µs,8.113167ms,102.125µs,[1]
8.405958ms,115.5µs,434.208µs,7.0535ms,101.791µs,[1]
8.453833ms,115.708µs,432.458µs,7.078333ms,101.543µs,[1]
8.408167ms,115.291µs,429.917µs,7.038625ms,101.168µs,[1]
8.368958ms,117.375µs,428.5µs,7.03275ms,101.126µs,[1]
8.384166ms,119.708µs,429.042µs,7.039042ms,102.543µs,[1]
8.411292ms,115.167µs,440.875µs,7.035834ms,102.001µs,[1]
9.2445ms,115.292µs,1.225ms,7.091375ms,102.458µs,[1]
8.421834ms,115.25µs,436.625µs,7.041792ms,103.25µs,[1]
8.412166ms,115.792µs,431.291µs,7.045792ms,101.584µs,[1]
8.43675ms,115.292µs,430.459µs,7.089957ms,103.292µs,[1]
8.407375ms,115.083µs,435.042µs,7.05425ms,101.708µs,[1]
8.46175ms,117.416µs,438.916µs,7.042086ms,101.833µs,[1]
8.426292ms,116.125µs,440.084µs,7.062961ms,101.625µs,[1]
8.531917ms,118µs,529.959µs,7.080834ms,101.959µs,[1]
8.438333ms,115.208µs,429.542µs,7.076123ms,101.583µs,[1]
8.430416ms,114.958µs,428.25µs,7.087748ms,101.627µs,[1]
8.3975ms,115.375µs,425.583µs,7.062543ms,101.585µs,[1]
8.413917ms,115.167µs,434µs,7.066334ms,102.875µs,[1]
8.424458ms,115.167µs,428.834µs,7.067542ms,101.96µs,[1]
8.41475ms,117.667µs,428µs,7.063291ms,101.292µs,[1]
8.410958ms,115.834µs,430.792µs,7.045626ms,101.751µs,[1]
8.459416ms,114.959µs,425.542µs,7.092415ms,105.958µs,[1]
8.634125ms,115.375µs,430.041µs,7.273375ms,102.332µs,[1]
8.449375ms,115.25µs,432.333µs,7.082708ms,102.001µs,[1]
8.402167ms,115.583µs,430.417µs,7.059251ms,101.46µs,[1]
8.562458ms,115.333µs,522.666µs,7.091501ms,121.083µs,[1]
8.420917ms,114.75µs,458.125µs,7.052457ms,103.292µs,[1]
8.426834ms,119.042µs,431.375µs,7.05325ms,102.376µs,[1]
8.464125ms,115.75µs,430.209µs,7.082499ms,108.251µs,[1]
8.48125ms,115.125µs,473.291µs,7.071376ms,102.626µs,[1]
8.546541ms,117.75µs,428.875µs,7.129209ms,102.418µs,[1]
8.424916ms,115.125µs,431.042µs,7.057249ms,101.709µs,[1]
8.4435ms,115.542µs,460.625µs,7.073ms,103.416µs,[1]
8.485042ms,115.416µs,439.542µs,7.11129ms,102.291µs,[1]
8.44675ms,115.209µs,444.083µs,7.05225ms,102.082µs,[1]
8.401208ms,118.041µs,426.292µs,7.037122ms,101.582µs,[1]
8.422667ms,116.041µs,430.625µs,7.059499ms,104.835µs,[1]
8.411166ms,115.416µs,430.792µs,7.047208ms,114.751µs,[1]
8.450125ms,117.458µs,427.25µs,7.045165ms,101.875µs,[1]
8.468292ms,115.084µs,429.625µs,7.090998ms,102.582µs,[1]
8.394958ms,115.625µs,439.916µs,7.034543ms,101.166µs,[1]
8.434584ms,115.084µs,438.458µs,7.066458ms,102.499µs,[1]
8.479417ms,115.167µs,436.708µs,7.107335ms,102.999µs,[1]
8.418084ms,119.125µs,433.334µs,7.059541ms,102.543µs,[1]
8.432209ms,115.5µs,430.833µs,7.030915ms,102.583µs,[1]
8.438583ms,116.166µs,430.625µs,7.060666ms,109.751µs,[1]
8.752792ms,117.042µs,429.958µs,7.355168ms,102.581µs,[1]
8.559834ms,115.459µs,428.042µs,7.19975ms,102.459µs,[1]
8.422458ms,115.25µs,426.667µs,7.06725ms,101.625µs,[1]
8.435ms,115.292µs,428.958µs,7.075874ms,102.626µs,[1]
8.414042ms,117.958µs,430.417µs,7.052124ms,102.248µs,[1]
8.404333ms,115.917µs,429.458µs,7.039958ms,102.542µs,[1]
8.415458ms,115.416µs,429.167µs,7.033584ms,106.624µs,[1]
8.418833ms,114.875µs,440.791µs,7.044207ms,102.001µs,[1]
9.264ms,118.375µs,428.875µs,7.085958ms,103.501µs,[1]
8.410875ms,120.667µs,429.375µs,7.055084ms,101.459µs,[1]
8.438542ms,115.334µs,433.333µs,7.060999ms,101.917µs,[1]
8.443083ms,115.25µs,430.125µs,7.072917ms,103.083µs,[1]
8.4035ms,114.5µs,426.791µs,7.053958ms,102.626µs,[1]
8.418958ms,115.833µs,428.125µs,7.040956ms,102.167µs,[1]
8.4375ms,114.958µs,433.292µs,7.070082ms,102.375µs,[1]
8.420792ms,114.917µs,427.583µs,7.07575ms,102.916µs,[1]
8.493917ms,115.292µs,430.209µs,7.066792ms,102.334µs,[1]
8.463209ms,118.334µs,428.958µs,7.097169ms,102.086µs,[1]
8.428625ms,115.917µs,444.917µs,7.056791ms,109.793µs,[1]
8.450334ms,115.167µs,428.75µs,7.096251ms,101.044µs,[1]
8.438875ms,114.958µs,437.542µs,7.083499ms,102.374µs,[1]
8.428417ms,116.25µs,429.417µs,7.064749ms,103.041µs,[1]
8.417625ms,115.834µs,431.5µs,7.064248ms,101.959µs,[1]
8.412375ms,114.875µs,440.042µs,7.053832ms,101.917µs,[1]
8.459916ms,115.208µs,430.666µs,7.100293ms,102.835µs,[1]
8.4175ms,115.167µs,427.833µs,7.047292ms,101.334µs,[1]
8.382417ms,116.125µs,426.875µs,7.045293ms,100.668µs,[1]
8.42175ms,115.166µs,438.917µs,7.058375ms,101.96µs,[1]
8.418291ms,115µs,430.125µs,7.066587ms,102.835µs,[1]
9.620291ms,116.083µs,429µs,7.052207ms,104.417µs,[1]
8.470125ms,116.209µs,429.375µs,7.074459ms,101.917µs,[1]
8.450042ms,115.292µs,427.875µs,7.068458ms,122.207µs,[1]
8.469166ms,115.75µs,431.333µs,7.117126ms,101.92µs,[1]
8.406125ms,115.834µs,424.666µs,7.057293ms,101.375µs,[1]
8.398125ms,114.625µs,434.292µs,7.042335ms,102.168µs,[1]
8.469041ms,114.958µs,431.584µs,7.118872ms,101.581µs,[1]
9.682292ms,118.041µs,445.459µs,7.060082ms,103.041µs,[1]
8.413292ms,115.708µs,427.958µs,7.055876ms,101.209µs,[1]
8.460792ms,115.417µs,440.208µs,7.07279ms,102.707µs,[1]
8.41975ms,114.708µs,439.5µs,7.049001ms,101.583µs,[1]
8.419917ms,121.667µs,429.5µs,7.067876ms,102.125µs,[1]
8.454625ms,116.25µs,427.417µs,7.101458ms,102.625µs,[1]
8.402625ms,115.667µs,430.042µs,7.055041ms,102.042µs,[1]
9.206542ms,115.083µs,436.083µs,7.077002ms,102.124µs,[1]
8.421875ms,115.167µs,426.542µs,7.062668ms,101.378µs,[1]
8.415666ms,115.5µs,427.333µs,7.061124ms,103.043µs,[1]
8.472292ms,115.625µs,473.208µs,7.054835ms,104.665µs,[1]
8.39875ms,114.916µs,429.167µs,7.047708ms,103.542µs,[1]
8.507166ms,117.458µs,425.25µs,7.073836ms,122.501µs,[1]
8.600958ms,116.542µs,588.375µs,7.06425ms,101.208µs,[1]
9.127375ms,115.5µs,436.833µs,7.039ms,110.459µs,[1]
8.427875ms,115.291µs,432.917µs,7.074126ms,101.915µs,[1]
8.578792ms,115.125µs,441.792µs,7.194501ms,112.626µs,[1]
8.471542ms,116.417µs,429.458µs,7.030461ms,101.915µs,[1]
8.440667ms,115.542µs,430.667µs,7.067668ms,103.373µs,[1]
8.523083ms,115.166µs,433.166µs,7.153998ms,102.044µs,[1]
8.476708ms,115.458µs,428.125µs,7.121959ms,102.499µs,[1]
8.456667ms,114.792µs,426.167µs,7.104209ms,101.376µs,[1]
8.426958ms,115.625µs,426.167µs,7.063959ms,102.5µs,[1]
8.485042ms,115.416µs,435.667µs,7.130959ms,102.585µs,[1]
8.39275ms,114.917µs,427.75µs,7.040208ms,102.168µs,[1]
8.434167ms,115.333µs,445.25µs,7.018582ms,102.208µs,[1]
8.415334ms,114.75µs,429.209µs,7.052918ms,101.211µs,[1]
8.424458ms,114.709µs,427.958µs,7.059251ms,101.541µs,[1]
9.225625ms,115.083µs,427.917µs,7.079542ms,101.666µs,[1]
8.422334ms,114.792µs,428.667µs,7.034499ms,101.751µs,[1]
8.391166ms,115.334µs,429.75µs,7.049876ms,102.958µs,[1]
8.463834ms,115.209µs,441.375µs,7.067334ms,102.459µs,[1]
8.405292ms,115.375µs,427.875µs,7.05546ms,102.54µs,[1]
8.382417ms,115.458µs,430.958µs,7.033582ms,102.71µs,[1]
8.394375ms,115.125µs,444.708µs,7.029373ms,102.5µs,[1]
9.099625ms,114.875µs,435.375µs,7.061416ms,102.998µs,[0]
8.602917ms,115.583µs,426.167µs,7.142666ms,102.875µs,[1]
8.451916ms,115.125µs,427.917µs,7.09125ms,100.541µs,[1]
8.401583ms,115.75µs,427.5µs,7.047831ms,102.042µs,[1]
8.461833ms,115.25µs,429.75µs,7.099584ms,101.125µs,[1]
8.433917ms,115µs,457.792µs,7.071501ms,101.21µs,[1]
8.40725ms,115.208µs,426.709µs,7.055916ms,101.291µs,[1]
9.533875ms,116.125µs,445.75µs,8.163793ms,102.832µs,[1]
8.422ms,115.209µs,461µs,7.047793ms,102.375µs,[1]
8.478667ms,118µs,476.417µs,7.04075ms,102.251µs,[1]
8.716792ms,115.166µs,430.042µs,7.285749ms,102.582µs,[1]
8.424458ms,115.167µs,431.75µs,7.066751ms,105.833µs,[1]
8.437458ms,115.25µs,428.041µs,7.08521ms,101.248µs,[1]
8.38525ms,114.791µs,425.792µs,7.038583ms,101.627µs,[1]
9.365291ms,115.125µs,431.125µs,7.850459ms,104.042µs,[1]
8.412125ms,115.75µs,427.666µs,7.050209ms,101.416µs,[1]
8.632167ms,114.75µs,628.75µs,7.069377ms,106.876µs,[1]
8.519542ms,115.25µs,435.084µs,7.097459ms,101.709µs,[1]
8.388792ms,115.125µs,433.917µs,7.030875ms,100.622µs,[1]
8.396958ms,116.208µs,429.791µs,7.056375ms,101.457µs,[1]
8.486792ms,115.25µs,430.333µs,7.119334ms,102.624µs,[1]
9.557792ms,115.292µs,429.792µs,8.204959ms,103.833µs,[1]
8.410416ms,115.542µs,427µs,7.062876ms,101.291µs,[1]
8.413208ms,115.791µs,430.417µs,7.046917ms,102µs,[1]
8.418625ms,115.25µs,430.709µs,7.058584ms,101.416µs,[1]
8.834042ms,129.125µs,429.625µs,7.324457ms,159.584µs,[1]
8.398667ms,114.792µs,446.292µs,7.025711ms,102.624µs,[1]
8.457542ms,117µs,445.333µs,7.077625ms,107.501µs,[1]
9.543417ms,114.958µs,429.791µs,8.164584ms,104.917µs,[1]
8.41675ms,115.25µs,440.917µs,7.056165ms,102.542µs,[1]
8.412917ms,115.209µs,435.333µs,7.044375ms,102.042µs,[1]
8.422375ms,115.125µs,426.584µs,7.060748ms,101.375µs,[1]
8.412125ms,115.583µs,434.042µs,7.049043ms,100.667µs,[1]
8.396625ms,141.375µs,427.958µs,7.03521ms,101.79µs,[1]
8.413292ms,115.791µs,429.208µs,7.047042ms,101.125µs,[1]
9.094334ms,115.5µs,428.583µs,7.74675ms,103.086µs,[1]
8.46325ms,115.417µs,440.958µs,7.099334ms,101.916µs,[1]
8.41ms,114.667µs,429.25µs,7.047251ms,103.084µs,[1]
8.47ms,115.167µs,509.916µs,7.048791ms,101.793µs,[1]
8.41625ms,115.958µs,440.958µs,7.060542ms,102.789µs,[1]
8.399833ms,114.875µs,432.166µs,7.044334ms,101.206µs,[1]
8.505917ms,118.542µs,426.667µs,7.111749ms,103.207µs,[0]
9.192084ms,115.209µs,442.417µs,7.818543ms,102.959µs,[1]
8.413625ms,115.375µs,428.125µs,7.070165ms,101.417µs,[1]
8.483792ms,115.167µs,425.5µs,7.129415ms,102.333µs,[0]
8.445333ms,115.625µs,436.875µs,7.069418ms,101.415µs,[1]
8.393792ms,115.416µs,426.917µs,7.054417ms,103.96µs,[1]
8.477041ms,115.583µs,469.75µs,7.070627ms,102.582µs,[1]
8.393292ms,115µs,426.125µs,7.036416ms,102.457µs,[1]
8.449875ms,115.125µs,429.542µs,7.102375ms,103.168µs,[1]
8.413083ms,115.416µs,439.667µs,7.036499ms,103µs,[1]
8.395584ms,115.5µs,432.417µs,7.042083ms,101.542µs,[1]
8.457125ms,114.917µs,429.5µs,7.091291ms,101.164µs,[1]
8.395458ms,115.042µs,424.25µs,7.052875ms,101.416µs,[1]
8.377084ms,115.834µs,429.75µs,7.034793ms,102.208µs,[1]
8.43325ms,116.542µs,455.75µs,7.057294ms,101.918µs,[1]
8.447625ms,115.042µs,432.958µs,7.093668ms,102.293µs,[1]
8.474916ms,115.792µs,426.125µs,7.131376ms,101.666µs,[1]
8.429875ms,116.334µs,434.375µs,7.077293ms,102.293µs,[1]
8.415334ms,116.042µs,442.375µs,7.052124ms,102.499µs,[1]
8.43325ms,115.375µs,429.833µs,7.075041ms,102.166µs,[1]
8.401333ms,115.167µs,426.916µs,7.058666ms,102.582µs,[1]
8.398792ms,115.458µs,447.75µs,7.031334ms,102.833µs,[1]
8.399959ms,115.75µs,429.208µs,7.041334ms,104.835µs,[1]
8.39725ms,114.958µs,431.5µs,7.042626ms,102.376µs,[1]
8.427292ms,117.334µs,438.791µs,7.034583ms,101.252µs,[1]
8.420916ms,115.5µs,442.542µs,7.05121ms,102.625µs,[1]
8.40175ms,114.5µs,443.625µs,7.037584ms,101.419µs,[1]
8.418584ms,115.584µs,430.042µs,7.07329ms,102.666µs,[1]
8.664709ms,115.792µs,459.042µs,7.122334ms,102.248µs,[1]
8.390666ms,116.584µs,426.375µs,7.051252ms,101.957µs,[1]
8.444208ms,115.208µs,447.5µs,7.082292ms,103.251µs,[1]
8.459041ms,114.75µs,464.792µs,7.058918ms,101.417µs,[1]
8.523375ms,117.083µs,446.709µs,7.070125ms,102.125µs,[1]
8.406792ms,115.417µs,431.334µs,7.039708ms,103.249µs,[1]
8.447ms,115.791µs,445.25µs,7.070749ms,101.626µs,[1]
8.43025ms,115.416µs,427.959µs,7.081248ms,102.167µs,[1]
8.417791ms,115.334µs,427.375µs,7.064209ms,102.584µs,[1]
8.410791ms,115.667µs,429.625µs,7.053206ms,102.25µs,[1]
8.435875ms,115.583µs,433.584µs,7.076373ms,105.544µs,[1]
8.412ms,115.25µs,461.541µs,7.042916ms,102.292µs,[1]
8.394167ms,115.666µs,433.333µs,7.037291ms,103.25µs,[1]
8.4885ms,115.5µs,436.375µs,7.113416ms,101.207µs,[1]
9.53575ms,115.167µs,430.458µs,7.038625ms,101.749µs,[1]
8.434834ms,115.292µs,431.625µs,7.071083ms,103.083µs,[1]
8.386375ms,115.25µs,428.125µs,7.042374ms,103µs,[1]
8.413208ms,115.417µs,425.833µs,7.05329ms,107.75µs,[1]
8.429ms,115.333µs,430.292µs,7.085708ms,103.082µs,[1]
8.410917ms,115.292µs,430.042µs,7.051833ms,103.583µs,[1]
8.411666ms,115.542µs,429.084µs,7.044209ms,102.625µs,[1]
8.399542ms,115.291µs,431.917µs,7.040584ms,102.541µs,[1]
8.390625ms,115.208µs,427.042µs,7.052873ms,101.998µs,[1]
8.4595ms,115.25µs,428.959µs,7.094125ms,101.749µs,[1]
8.430458ms,118.875µs,428.25µs,7.07579ms,101.919µs,[1]
8.569333ms,115.75µs,614.083µs,7.039291ms,108.125µs,[1]
8.469292ms,117.291µs,430.083µs,7.131374ms,102.208µs,[1]
8.407084ms,115.208µs,427.917µs,7.044584ms,102.624µs,[1]
9.480792ms,115.166µs,429.5µs,7.05571ms,104.544µs,[1]
8.4465ms,118.917µs,436.292µs,7.09ms,102.374µs,[1]
8.398709ms,115.25µs,430.167µs,7.0505ms,102.915µs,[1]
8.435416ms,115.458µs,428.667µs,7.087624ms,101.957µs,[1]
8.442041ms,116.208µs,430.416µs,7.087001ms,102.458µs,[1]
8.379416ms,115.417µs,428.959µs,7.028749ms,104.086µs,[1]
8.446042ms,115µs,434.959µs,7.087292ms,116.083µs,[1]
9.271042ms,115.375µs,430.625µs,7.925709ms,103.042µs,[1]
8.416334ms,116.083µs,428.5µs,7.044001ms,107.208µs,[1]
8.400875ms,115.208µs,429.208µs,7.045667ms,102.416µs,[1]
8.434292ms,115.25µs,431.416µs,7.052206ms,101.874µs,[1]
8.408584ms,114.791µs,425.25µs,7.063919ms,102.709µs,[0]
8.415666ms,115.25µs,428.708µs,7.043541ms,102.669µs,[1]
8.382542ms,115.791µs,425.375µs,7.034375ms,106.333µs,[1]
9.7265ms,115.083µs,429.875µs,8.371415ms,104.207µs,[1]
8.418ms,115.208µs,428µs,7.067458ms,101.583µs,[1]
8.395291ms,115.917µs,428.417µs,7.042916ms,102.543µs,[1]
8.456167ms,117.375µs,430.458µs,7.095498ms,102.375µs,[1]
8.414208ms,131.666µs,437.708µs,7.056373ms,101.582µs,[1]
8.426792ms,115.375µs,427.125µs,7.071249ms,111.458µs,[1]
8.422792ms,115.25µs,425.75µs,7.084834ms,101.791µs,[1]
9.67725ms,131.666µs,426.541µs,8.231915ms,105.209µs,[1]
9.130875ms,115.167µs,485.25µs,7.718541ms,111.418µs,[1]
8.399583ms,115µs,434.041µs,7.051294ms,102.916µs,[1]
8.408875ms,118µs,430.334µs,7.039292ms,101.419µs,[1]
8.832459ms,130.666µs,425.708µs,7.362832ms,106.54µs,[1]
8.872334ms,115.041µs,485.75µs,7.456751ms,113.625µs,[1]
8.446833ms,115µs,436.416µs,7.072667ms,102.041µs,[1]
10.207ms,130.084µs,428.917µs,8.725542ms,111.627µs,[1]
8.661917ms,115.458µs,499.292µs,7.181789ms,102.541µs,[1]
8.448292ms,115.333µs,432.542µs,7.057168ms,102.623µs,[1]
8.408458ms,114.584µs,427.916µs,7.053664ms,101.623µs,[1]
8.428833ms,115.375µs,428.25µs,7.067625ms,103.667µs,[1]
9.41025ms,129.875µs,439.208µs,7.914624ms,117.084µs,[1]
8.493209ms,114.875µs,540.375µs,7.034708ms,101.961µs,[1]
10.521292ms,116.541µs,487.833µs,9.073666ms,116.624µs,[1]
8.428541ms,121.25µs,433.167µs,7.050706ms,103.5µs,[1]
8.552417ms,120.792µs,427.75µs,7.0595ms,101.876µs,[1]
9.499959ms,133.25µs,485.833µs,7.966793ms,115.168µs,[1]
9.041958ms,115µs,483.625µs,7.642628ms,110.709µs,[1]
8.964666ms,130.5µs,432.792µs,7.514294ms,108.709µs,[1]
8.744125ms,114.917µs,485.417µs,7.298003ms,105.168µs,[1]
9.208916ms,130.666µs,429.166µs,7.725083ms,115.25µs,[1]
8.467583ms,115.334µs,487.458µs,7.044959ms,102.166µs,[1]
8.409084ms,116.375µs,428.667µs,7.060541ms,101.292µs,[1]
9.517167ms,130.334µs,490.208µs,7.994793ms,115.583µs,[1]
8.410708ms,116.167µs,429.625µs,7.056461ms,102.376µs,[1]
8.428166ms,115.916µs,426.875µs,7.061332ms,102.043µs,[1]
9.599959ms,132µs,487.458µs,7.998331ms,117.417µs,[1]
9.15675ms,115.75µs,490.208µs,7.721997ms,112.626µs,[1]
8.940875ms,129.917µs,425.458µs,7.488042ms,107.167µs,[1]
8.818833ms,114.958µs,491.334µs,7.388001ms,106.168µs,[1]
8.413666ms,115.459µs,432.125µs,7.051749ms,101.916µs,[1]
9.038ms,130.334µs,430.25µs,7.565874ms,109.789µs,[1]
8.67225ms,114.791µs,482.375µs,7.263ms,105.29µs,[1]
9.668375ms,130.709µs,446.917µs,8.175542ms,114.833µs,[1]
8.421875ms,115.417µs,441.875µs,7.052835ms,102.082µs,[1]
9.508916ms,130.666µs,505.583µs,7.955748ms,114.459µs,[1]
8.44475ms,115µs,435.334µs,7.072793ms,102.373µs,[1]
8.419667ms,115.167µs,428.958µs,7.063583ms,102.377µs,[1]
9.526458ms,123.75µs,483.625µs,7.99846ms,115.457µs,[1]
8.48775ms,130.459µs,443.458µs,7.061374ms,101.417µs,[1]
9.467959ms,116.25µs,482.417µs,7.829126ms,112.499µs,[1]
8.956291ms,130.125µs,428.709µs,7.46825ms,108.836µs,[1]
8.786416ms,114.75µs,482.167µs,7.353209ms,110.083µs,[1]
9.29225ms,130.25µs,427.417µs,7.802127ms,125.084µs,[1]
8.681458ms,115.541µs,487.666µs,7.278165ms,104.876µs,[1]
8.383125ms,115.834µs,437.167µs,7.034331ms,101.46µs,[1]
9.484333ms,143.167µs,441.75µs,7.969875ms,114.916µs,[1]
9.522167ms,129.958µs,491.25µs,7.991498ms,116.291µs,[1]
8.816291ms,115.541µs,429.917µs,7.453582ms,106.248µs,[1]
9.531375ms,129.709µs,486.833µs,8.007834ms,114.959µs,[1]
9.215583ms,116µs,484.458µs,7.782832ms,112.501µs,[1]
8.871791ms,130.708µs,425.959µs,7.40229ms,107.585µs,[1]
9.074042ms,115.083µs,488.625µs,7.651792ms,110.292µs,[1]
8.449084ms,115.458µs,428.417µs,7.096376ms,101.668µs,[1]
8.970083ms,130.334µs,428µs,7.496584ms,115.168µs,[1]
8.564833ms,119.125µs,486.375µs,7.14875ms,103.668µs,[1]
9.509875ms,131.208µs,430.458µs,8.001082ms,114.542µs,[1]
8.565541ms,115.125µs,594.25µs,7.056333ms,100.959µs,[1]
9.619083ms,131.416µs,485.792µs,8.080125ms,116.416µs,[1]
8.41975ms,115.292µs,429.958µs,7.060208ms,102.875µs,[1]
9.400625ms,115.375µs,481.834µs,7.978497ms,114.415µs,[1]
8.411083ms,115.375µs,429.125µs,7.060376ms,101.126µs,[1]
9.214667ms,115.083µs,490.375µs,7.78675ms,111.917µs,[1]
8.900833ms,130.541µs,431.084µs,7.431083ms,107.876µs,[1]
9.117417ms,114.959µs,488.5µs,7.669541ms,110.75µs,[1]
8.895875ms,130.708µs,429.417µs,7.431417ms,108.04µs,[1]
8.856541ms,115.75µs,510.208µs,7.39129ms,105.916µs,[1]
9.011708ms,130.042µs,434.125µs,7.528747ms,111.292µs,[1]
9.851292ms,115.375µs,483.25µs,7.284085ms,106.583µs,[1]
9.563708ms,130.5µs,450.625µs,8.046292ms,115.29µs,[1]
8.38075ms,115.542µs,425.792µs,7.045541ms,101.833µs,[1]
9.552084ms,130.959µs,512.458µs,7.975794ms,114.832µs,[1]
8.406917ms,115.209µs,437.417µs,7.058167ms,101.791µs,[1]
9.334167ms,115.5µs,485.166µs,7.905458ms,112.293µs,[1]
8.770334ms,133.75µs,434.083µs,7.304834ms,106.375µs,[1]
9.770917ms,115.167µs,492.166µs,7.571791ms,109.292µs,[1]
9.204333ms,131.333µs,431.458µs,7.713919ms,110.542µs,[1]
8.849ms,114.75µs,492.167µs,7.401665ms,105.544µs,[1]
8.46575ms,115.291µs,436µs,7.111832ms,100.962µs,[1]
9.359625ms,130.542µs,431µs,7.895208ms,114.916µs,[1]
8.417167ms,115.917µs,441.375µs,7.0555ms,109.542µs,[1]
8.42275ms,115.292µs,429.5µs,7.07029ms,102.625µs,[1]
10.18575ms,129.958µs,466.708µs,7.973375ms,114.082µs,[1]
8.452416ms,117.458µs,430.041µs,7.047749ms,103.957µs,[1]
9.601875ms,130.292µs,485.125µs,8.046958ms,116.293µs,[1]
9.339291ms,115.125µs,486.542µs,7.925917ms,113.749µs,[1]
8.749459ms,130.042µs,430.584µs,7.293625ms,105.832µs,[1]
9.0395ms,115.125µs,488.959µs,7.617083ms,108.75µs,[1]
8.956458ms,130.666µs,426.208µs,7.481082ms,115.206µs,[1]
9.460833ms,115.083µs,484.709µs,7.2835ms,106.542µs,[1]
9.121041ms,130.667µs,428.833µs,7.666374ms,111.249µs,[1]
8.593375ms,115.042µs,491.917µs,7.17325ms,103.627µs,[1]
9.510458ms,130.291µs,429.625µs,8.006417ms,115.126µs,[1]
8.40275ms,115.584µs,430.75µs,7.042206ms,103.291µs,[1]
9.5ms,130.042µs,495.416µs,7.97125ms,116.542µs,[1]
8.377292ms,115.084µs,427.125µs,7.038836ms,101.625µs,[1]
8.820708ms,116.042µs,721.209µs,7.144623ms,112.71µs,[1]
9.256584ms,115.5µs,491.583µs,7.833334ms,111.957µs,[1]
8.758542ms,131µs,433.208µs,7.290083ms,105.417µs,[1]
9.13625ms,115.25µs,488.583µs,7.708208ms,122.876µs,[1]
8.425792ms,115.084µs,445.917µs,7.057999ms,102.25µs,[1]
9.020042ms,130.375µs,427.167µs,7.562002ms,108.668µs,[1]
8.701416ms,116.333µs,490.75µs,7.284333ms,104.626µs,[1]
10.104083ms,131.791µs,427.292µs,7.789124ms,113.876µs,[1]
8.494625ms,115.208µs,486.334µs,7.072709ms,101.831µs,[1]
9.511458ms,130.125µs,463.375µs,8.009165ms,120.208µs,[1]
8.594875ms,115.458µs,425.875µs,7.247501ms,103.501µs,[1]
9.475833ms,115.333µs,483.417µs,8.026083ms,115.376µs,[1]
8.375708ms,115.875µs,430.542µs,7.030878ms,101.918µs,[1]
8.446375ms,122.5µs,460.291µs,7.063916ms,103.17µs,[1]
10.056708ms,115.041µs,486.958µs,7.870752ms,115.918µs,[1]
8.954ms,130.334µs,427.5µs,7.401665ms,106.501µs,[1]
8.884625ms,115.792µs,483.875µs,7.466207ms,107.624µs,[1]
8.902417ms,130.75µs,431.042µs,7.448208ms,108.543µs,[1]
9.51575ms,130.584µs,501.083µs,7.96021ms,117.625µs,[1]
8.527959ms,115.209µs,489.834µs,7.120125ms,101.583µs,[1]
8.512625ms,115.666µs,437.375µs,7.151999ms,107.041µs,[1]
10.457791ms,130.625µs,487.958µs,8.008959ms,121.75µs,[1]
9.482916ms,130.291µs,487.458µs,7.96225ms,116.25µs,[1]
8.686875ms,131.209µs,475.833µs,7.247748ms,103.999µs,[1]
9.270333ms,114.708µs,488.792µs,7.8365ms,112.001µs,[1]
8.799791ms,135.458µs,427.5µs,7.334416ms,107.707µs,[1]
8.898584ms,121.542µs,481.875µs,7.489001ms,106.833µs,[1]
8.8295ms,130.834µs,432.083µs,7.365209ms,106.416µs,[1]
10.461333ms,131.042µs,489.75µs,8.016333ms,115.542µs,[1]
9.644334ms,130.5µs,486.209µs,8.115209ms,127.249µs,[1]
9.571791ms,131.541µs,488.667µs,8.024999ms,116.624µs,[1]
9.601708ms,130.333µs,493.583µs,8.042127ms,117.043µs,[1]
9.522833ms,130.625µs,482.417µs,7.993875ms,115.749µs,[1]
9.547583ms,130.625µs,483.667µs,8.003209ms,117.75µs,[1]
9.671083ms,131.042µs,596.667µs,8.041664ms,115.708µs,[1]
9.542958ms,130.5µs,483.792µs,8.032416ms,116.419µs,[1]
9.518125ms,130.666µs,486.375µs,7.97721ms,115.749µs,[1]
9.586208ms,133.542µs,533.875µs,8.006001ms,116.25µs,[1]
9.525708ms,130.459µs,489.25µs,7.986373ms,116.585µs,[1]
9.502375ms,130.416µs,480.333µs,7.977833ms,115.415µs,[1]
8.662959ms,115.084µs,491.292µs,7.258919ms,105.251µs,[1]
8.498542ms,114.792µs,460.042µs,7.098501ms,101.833µs,[1]
10.234334ms,130.208µs,427.958µs,7.690501ms,110.417µs,[1]
8.472375ms,115.25µs,487.417µs,7.050334ms,101.084µs,[1]
9.629125ms,130.708µs,492.292µs,7.988876ms,116.669µs,[1]
8.456875ms,115.375µs,432.542µs,7.090208ms,101.793µs,[1]
8.415ms,115.25µs,430.458µs,7.073042ms,102.295µs,[1]
8.403458ms,115.625µs,429.417µs,7.061791ms,104.251µs,[1]
9.481917ms,130.25µs,483.416µs,7.968708ms,114.334µs,[1]
9.361833ms,130.541µs,425.875µs,7.046208ms,101.709µs,[1]
9.610125ms,131.25µs,508.792µs,8.03371ms,114.709µs,[1]
8.918208ms,115.334µs,488.5µs,7.488332ms,107.587µs,[1]
8.868917ms,130.25µs,429.583µs,7.397082ms,106.793µs,[1]
8.833208ms,115.25µs,483.375µs,7.425334ms,104.832µs,[1]
8.359917ms,115.334µs,428µs,7.022708ms,101.665µs,[1]
8.395625ms,115.041µs,428.583µs,7.04975ms,102.168µs,[1]
9.31ms,129.917µs,426.959µs,7.854084ms,112.834µs,[1]
8.544459ms,117.459µs,483.375µs,7.121875ms,101.667µs,[1]
8.444833ms,114.958µs,438.333µs,7.085333ms,102.542µs,[1]
9.553292ms,130µs,492.209µs,8.016041ms,115.916µs,[1]
8.450167ms,115.083µs,430.042µs,7.0995ms,101.917µs,[1]
9.496291ms,129.917µs,482.875µs,7.981667ms,115.792µs,[1]
8.40775ms,115.375µs,428.417µs,7.049251ms,101.46µs,[1]
9.367375ms,115.417µs,485.208µs,7.94529ms,115µs,[1]
8.410375ms,114.875µs,434.792µs,7.056458ms,102.46µs,[1]
8.741583ms,130.166µs,427.292µs,7.26554ms,104.957µs,[1]
8.964542ms,115µs,487.209µs,7.526208ms,107.791µs,[1]
8.742542ms,130.167µs,431.083µs,7.287419ms,106.083µs,[1]
8.921583ms,117.834µs,494.541µs,7.498208ms,111.5µs,[1]
8.413ms,114.916µs,434.209µs,7.063044ms,101.374µs,[1]
9.352208ms,130.583µs,425.916µs,7.730083ms,111.498µs,[1]
9.528708ms,130.083µs,484.916µs,7.999207ms,116µs,[1]
8.394209ms,115.625µs,431.334µs,7.035958ms,101.085µs,[1]
9.611125ms,131.041µs,484.958µs,8.075543ms,115.749µs,[1]
8.395ms,117.791µs,427.208µs,7.053082ms,100.999µs,[1]
8.480666ms,117.666µs,473.25µs,7.048374ms,101.708µs,[1]
9.603166ms,135.083µs,485µs,8.049959ms,115.416µs,[1]
10.186084ms,137.875µs,485µs,7.849958ms,112.917µs,[1]
8.95ms,131.084µs,434.167µs,7.466708ms,111.793µs,[1]
8.851541ms,118.458µs,486.875µs,7.409376ms,105.833µs,[1]
9.042959ms,130.667µs,429.458µs,7.591999ms,108.792µs,[1]
9.558292ms,130.458µs,487.5µs,8.023751ms,116.127µs,[1]
9.474584ms,130.666µs,493.167µs,7.954126ms,115.043µs,[1]
9.554958ms,130.833µs,485.333µs,8.00979ms,116.372µs,[1]
10.716ms,115.209µs,483.917µs,7.975668ms,114.958µs,[1]
8.746625ms,134.292µs,430.042µs,7.279959ms,106.502µs,[1]
8.965292ms,114.833µs,487.625µs,7.543331ms,108.292µs,[1]
9.036334ms,130.666µs,434.709µs,7.569291ms,109.209µs,[1]
8.654958ms,115.334µs,493.625µs,7.236751ms,103.084µs,[1]
9.073625ms,130.042µs,425.875µs,7.623331ms,112.542µs,[1]
8.674292ms,115.083µs,485.583µs,7.264082ms,103.251µs,[1]
9.235125ms,115.541µs,430.792µs,7.063917ms,102.167µs,[1]
9.513792ms,130.667µs,482.917µs,7.974207ms,115.376µs,[1]
8.413125ms,115.292µs,431.417µs,7.045793ms,101.708µs,[1]
9.482125ms,130.125µs,481.875µs,7.973957ms,116.001µs,[1]
9.604916ms,130.542µs,485.584µs,8.067915ms,115.205µs,[1]
9.081834ms,115.292µs,485.625µs,7.661874ms,111.292µs,[1]
8.418166ms,117.625µs,438.709µs,7.047166ms,103.127µs,[1]
8.74325ms,130.625µs,431.417µs,7.278042ms,106.249µs,[1]
8.815833ms,114.916µs,483.833µs,7.412708ms,106.251µs,[1]
9.182666ms,130.667µs,430.375µs,7.717541ms,112.083µs,[1]
8.617792ms,115.25µs,550.791µs,7.128543ms,101.709µs,[1]
9.493625ms,130.959µs,472.459µs,7.96579ms,128.833µs,[1]
8.422958ms,117.875µs,439.167µs,7.044208ms,103.54µs,[1]
9.514833ms,130.25µs,485.333µs,7.98296ms,115.915µs,[1]
8.504417ms,114.833µs,519.333µs,7.049125ms,100.416µs,[1]
9.430375ms,114.708µs,484.917µs,7.985209ms,114.334µs,[1]
8.529792ms,130.125µs,428.541µs,7.080706ms,105.251µs,[1]
9.1575ms,118.791µs,487.75µs,7.720248ms,110.207µs,[1]
8.853ms,130µs,428.166µs,7.393502ms,106.374µs,[1]
8.812875ms,115.583µs,483.709µs,7.394708ms,105.418µs,[1]
9.354584ms,135.875µs,426.292µs,7.712331ms,112.084µs,[1]
9.672042ms,114.916µs,483.792µs,7.293373ms,104.168µs,[1]
8.495333ms,115.417µs,448.875µs,7.1155ms,102.373µs,[1]
9.5585ms,130.209µs,481.833µs,8.030541ms,117.125µs,[1]
8.487375ms,117.875µs,428.625µs,7.058499ms,101.334µs,[1]
8.440083ms,115.208µs,431.208µs,7.084333ms,101.249µs,[1]
9.504167ms,130.333µs,487.458µs,7.986624ms,116.333µs,[1]
8.454875ms,114.958µs,432.042µs,7.086291ms,101.666µs,[1]
10.064625ms,114.958µs,482.292µs,7.90075ms,112.626µs,[1]
8.68825ms,130.75µs,431.667µs,7.054376ms,103.289µs,[1]
9.114125ms,115µs,488.458µs,7.687168ms,109.834µs,[1]
8.859833ms,130.375µs,427.375µs,7.406958ms,109.043µs,[1]
8.811333ms,115.125µs,487µs,7.407583ms,106µs,[1]
8.957333ms,130µs,434.375µs,7.492709ms,107.459µs,[1]
8.67775ms,115.625µs,484.5µs,7.266833ms,105.459µs,[1]
10.222834ms,130.25µs,425.083µs,7.777002ms,111.708µs,[1]
8.462167ms,115.125µs,481.667µs,7.064041ms,106.083µs,[1]
8.516166ms,115.166µs,483.542µs,7.099168ms,100.541µs,[1]
9.526625ms,130.292µs,495.166µs,7.977999ms,114.706µs,[1]
8.4245ms,115.459µs,429.709µs,7.044083ms,102.124µs,[1]
9.4635ms,115.709µs,488.5µs,7.983291ms,119.293µs,[1]
8.404917ms,115.208µs,442µs,7.055581ms,101.334µs,[1]
9.522917ms,130.208µs,427.5µs,7.346083ms,106.792µs,[1]
9.510667ms,130.042µs,486.666µs,7.98525ms,116.127µs,[1]
8.973208ms,116.292µs,505.625µs,7.517208ms,109.625µs,[1]
8.419334ms,115.833µs,437.167µs,7.036457ms,101.627µs,[1]
9.102709ms,130.459µs,425.875µs,7.649793ms,113.083µs,[1]
8.726875ms,115.333µs,484.833µs,7.299376ms,103.209µs,[1]
9.482958ms,130.417µs,431.042µs,8.017289ms,115.585µs,[1]
9.743375ms,116.75µs,474.125µs,7.074916ms,102.958µs,[1]
8.404458ms,115.625µs,433.166µs,7.043791ms,102.206µs,[1]
9.523959ms,115.208µs,486.167µs,8.018001ms,117.082µs,[1]
8.608ms,130.583µs,426.792µs,7.162127ms,103.501µs,[1]
9.429334ms,115.5µs,494.167µs,7.975165ms,114.374µs,[1]
8.560375ms,130.042µs,425.666µs,7.108416ms,102.79µs,[1]
9.145333ms,115.292µs,492.542µs,7.720876ms,111.542µs,[1]
9.27675ms,115.041µs,435.5µs,7.051334ms,101.291µs,[1]
9.152875ms,129.833µs,471.917µs,7.630918ms,111.042µs,[1]
9.496958ms,131.334µs,490.125µs,7.968457ms,114.292µs,[1]
8.546417ms,115.417µs,487.291µs,7.131874ms,102.293µs,[1]
9.486458ms,130.875µs,437.958µs,8.004583ms,116.042µs,[1]
8.39225ms,115.5µs,426µs,7.051334ms,107.084µs,[1]
9.6725ms,130.166µs,648.75µs,7.984622ms,116.376µs,[1]
9.875458ms,130.958µs,429.583µs,7.063837ms,102.123µs,[1]
9.266834ms,115.792µs,490.292µs,7.837877ms,113.373µs,[0]
8.568417ms,130.584µs,453.375µs,7.09096ms,103.164µs,[1]
9.128792ms,114.792µs,483.583µs,7.709249ms,109.54µs,[1]
8.911042ms,135.584µs,429.792µs,7.403416ms,109.249µs,[1]
8.78925ms,115µs,494.083µs,7.361125ms,105.207µs,[1]
8.904792ms,130.208µs,427.25µs,7.461749ms,107.709µs,[1]
9.729417ms,115.791µs,490.916µs,7.333168ms,106.001µs,[1]
9.377333ms,130.583µs,430.5µs,7.886167ms,115.501µs,[1]
9.56275ms,130.416µs,509.208µs,8.006586ms,116.792µs,[1]
8.510709ms,115.875µs,469.042µs,7.112667ms,101.124µs,[1]
9.48825ms,130.292µs,485.625µs,7.965251ms,115.127µs,[1]
8.600667ms,130.541µs,508.75µs,7.099457ms,105.502µs,[1]
9.25325ms,114.583µs,479.375µs,7.836461ms,112.956µs,[1]
8.831917ms,130.375µs,432.083µs,7.334624ms,106.583µs,[1]
9.551416ms,130µs,498.125µs,8.000667ms,115.001µs,[1]
8.768125ms,115.25µs,482.541µs,7.364248ms,108.167µs,[1]
9.281209ms,134.167µs,429.583µs,7.80496ms,113.626µs,[1]
8.440292ms,115.125µs,454.25µs,7.065042ms,103.793µs,[1]
8.794958ms,117.167µs,429.125µs,7.398544ms,103.039µs,[1]
9.521833ms,130.208µs,432.833µs,8.047834ms,116.833µs,[1]
8.413458ms,117.792µs,428.333µs,7.060376ms,101.958µs,[1]
9.411208ms,115.292µs,489.208µs,7.987084ms,115.083µs,[1]
8.428375ms,114.458µs,432.041µs,7.059627ms,104.083µs,[1]
9.41075ms,116.625µs,488.709µs,7.92975ms,113.626µs,[1]
8.661416ms,130.333µs,430.334µs,7.204419ms,104.126µs,[1]
8.981875ms,115.5µs,492.083µs,7.568875ms,110.084µs,[1]
8.439292ms,114.959µs,429.084µs,7.054083ms,102.001µs,[1]
9.750708ms,130.125µs,438.833µs,7.342167ms,107.374µs,[1]
8.751541ms,115.375µs,485.542µs,7.330207ms,106.083µs,[1]
9.385417ms,130.709µs,440.042µs,7.899667ms,113.377µs,[1]
8.397375ms,115.334µs,430.416µs,7.055207ms,101.999µs,[1]
9.455667ms,129.792µs,425.292µs,7.995791ms,115.542µs,[1]
8.446666ms,115.625µs,441.916µs,7.087291ms,103.25µs,[1]
9.531125ms,130.916µs,485.334µs,7.994586ms,115.917µs,[1]
10.244375ms,115.042µs,484.375µs,7.870999ms,112.832µs,[1]
8.610291ms,130.75µs,427.417µs,7.157584ms,102.335µs,[1]
9.117375ms,115.333µs,487.167µs,7.686918ms,113.416µs,[1]
8.924708ms,130.708µs,436.542µs,7.448833ms,109.624µs,[1]
8.81075ms,118.125µs,485.292µs,7.380957ms,108.247µs,[1]
8.491792ms,115.041µs,425.625µs,7.136542ms,101.833µs,[1]
9.078125ms,129.708µs,435.709µs,7.597125ms,117.71µs,[1]
10.406584ms,130.667µs,483.792µs,7.993126ms,119.544µs,[1]
8.435834ms,115.25µs,433.917µs,7.079625ms,102.751µs,[1]
9.56175ms,130.625µs,484.75µs,8.007458ms,119.249µs,[1]
8.424833ms,115.25µs,430.167µs,7.051667ms,102.623µs,[1]
9.43475ms,115.209µs,485.5µs,7.973625ms,115.665µs,[1]
8.758375ms,130.125µs,520.75µs,7.204457ms,104.375µs,[1]
9.308208ms,115.417µs,490.167µs,7.889167ms,112.917µs,[1]
10.533083ms,132.75µs,471.083µs,7.59496ms,108.333µs,[1]
8.725167ms,115.666µs,496.25µs,7.278751ms,104.377µs,[1]
9.297583ms,130.208µs,426.833µs,7.839043ms,114µs,[1]
8.634458ms,115.125µs,495.875µs,7.193791ms,102.75µs,[1]
9.443833ms,129.958µs,428.417µs,7.971584ms,115.085µs,[1]
8.394791ms,116.041µs,428.125µs,7.040876ms,103.123µs,[1]
8.414ms,114.833µs,438.834µs,7.044626ms,109.042µs,[1]
10.777584ms,130.708µs,504.584µs,8.062168ms,114.959µs,[1]
8.473417ms,134.25µs,441.584µs,7.080127ms,103.542µs,[1]
9.315875ms,115.167µs,498.25µs,7.864292ms,112.706µs,[1]
8.45475ms,115.583µs,450.208µs,7.022002ms,101.21µs,[1]
8.615166ms,130.416µs,428.5µs,7.153543ms,104.417µs,[1]
9.0735ms,114.917µs,488µs,7.658875ms,117.958µs,[1]
8.986042ms,131.958µs,425.834µs,7.522375ms,108.918µs,[0]
10.24ms,116.667µs,484.333µs,7.517626ms,106.5µs,[1]
8.527666ms,118.458µs,433.292µs,7.064248ms,101.708µs,[1]
9.411208ms,131.125µs,432.834µs,7.92521ms,115.25µs,[1]
8.436875ms,114.958µs,433.625µs,7.072ms,101.46µs,[1]
8.421833ms,115.667µs,430.583µs,7.066249ms,101.041µs,[1]
9.556125ms,130.667µs,467.041µs,8.045082ms,114.252µs,[1]
8.408875ms,115.334µs,435µs,7.06125ms,102.252µs,[1]
10.631ms,130.334µs,486.333µs,9.075331ms,116.583µs,[1]
9.047ms,115µs,487.583µs,7.634998ms,109.668µs,[1]
8.727ms,130.166µs,432µs,7.247544ms,104.958µs,[1]
9.020583ms,115.167µs,484.083µs,7.580706ms,109.667µs,[1]
8.996375ms,133.583µs,440.5µs,7.520624ms,109.957µs,[1]
8.750292ms,118.875µs,500.333µs,7.284875ms,104.708µs,[1]
8.408958ms,115µs,428.666µs,7.052917ms,102.498µs,[1]
10.550667ms,130.084µs,429.292µs,9.078709ms,117.541µs,[1]
8.413708ms,115.625µs,431µs,7.049333ms,101.957µs,[1]
9.499208ms,164.167µs,487.209µs,7.962415ms,127.334µs,[1]
8.397083ms,115.292µs,429.417µs,7.045457ms,101.999µs,[1]
9.495958ms,130.125µs,484.458µs,7.984333ms,115.539µs,[1]
8.77675ms,130.166µs,429.125µs,7.352583ms,102.708µs,[1]
9.312792ms,114.917µs,649.584µs,7.73921ms,109.875µs,[1]
9.117ms,115.416µs,439.75µs,7.761373ms,103.957µs,[1]
9.074292ms,131.291µs,448.084µs,7.593584ms,110.043µs,[1]
9.80925ms,133µs,487.875µs,8.255333ms,116.5µs,[1]
8.694375ms,115.5µs,486.375µs,7.237626ms,143.334µs,[1]
9.554083ms,129.75µs,501µs,8.00475ms,116.457µs,[1]
8.396542ms,116µs,428.625µs,7.053749ms,108.793µs,[1]
9.557ms,130.167µs,502.375µs,8.009333ms,115.543µs,[1]
9.203375ms,115.333µs,432.417µs,7.841541ms,101.584µs,[1]
8.702833ms,131.125µs,427.958µs,7.264874ms,102.751µs,[1]
9.519167ms,130.25µs,484.208µs,7.983001ms,115.208µs,[1]
9.008667ms,115.459µs,610.708µs,7.468043ms,106.335µs,[1]
8.911083ms,130.458µs,443.333µs,7.430414ms,108.791µs,[1]
8.814708ms,125.875µs,484.041µs,7.371876ms,105.667µs,[1]
8.543958ms,115.292µs,427µs,7.169668ms,106.002µs,[1]
10.398875ms,130.333µs,428.833µs,8.92246ms,115.334µs,[1]
9.497625ms,130.375µs,484.334µs,7.964793ms,116.165µs,[1]
8.456709ms,115.917µs,432.958µs,7.063667ms,103.75µs,[1]
9.604917ms,115µs,483.25µs,8.092791ms,116.038µs,[1]
9.224375ms,130.5µs,426.459µs,7.768ms,105µs,[1]
9.210458ms,115.041µs,485.916µs,7.794249ms,111.876µs,[1]
8.789916ms,132.333µs,431.375µs,7.320998ms,108.042µs,[1]
9.789541ms,115µs,486.042µs,8.365791ms,109.293µs,[1]
9.344333ms,130.084µs,428.375µs,7.863914ms,114.708µs,[1]
8.509541ms,115.166µs,430.25µs,7.141293ms,104.124µs,[1]
8.432458ms,115µs,433.25µs,7.0495ms,101.834µs,[1]
9.432583ms,130.5µs,450.25µs,7.937336ms,116.458µs,[1]
8.404167ms,115.541µs,435.625µs,7.046752ms,101.665µs,[1]
9.586ms,130.583µs,494.958µs,8.031874ms,115.833µs,[1]
9.642167ms,115.75µs,429.625µs,8.275458ms,104.374µs,[1]
9.413125ms,114.917µs,482.042µs,7.982043ms,111.874µs,[1]
8.686542ms,130.458µs,429.125µs,7.2125ms,104.501µs,[1]
9.015875ms,118.125µs,521.625µs,7.512416ms,107.417µs,[1]
8.845083ms,130.375µs,434.417µs,7.375543ms,107.75µs,[1]
9.621958ms,130.875µs,483.875µs,8.093374ms,115.749µs,[1]
8.57025ms,114.875µs,502.666µs,7.146502ms,104.793µs,[1]
9.620125ms,116µs,434.25µs,8.25696ms,103.793µs,[1]
9.6565ms,130.417µs,503µs,8.111ms,117.542µs,[1]
8.555875ms,115.083µs,536.042µs,7.068752ms,102.376µs,[1]
9.714625ms,130.333µs,484.792µs,8.190749ms,115.793µs,[1]
9.382041ms,115.125µs,520.125µs,7.912998ms,112.085µs,[1]
8.634375ms,117.667µs,430.625µs,7.152417ms,103.291µs,[1]
8.74175ms,130.75µs,451.041µs,7.208126ms,104.5µs,[1]
10.138792ms,115.625µs,502.833µs,8.707916ms,107.334µs,[1]
9.17325ms,130.375µs,427.416µs,7.698125ms,111.253µs,[1]
8.74775ms,115.084µs,488.209µs,7.32529ms,106.253µs,[1]
8.393667ms,115.583µs,429.833µs,7.056291ms,101.208µs,[1]
9.435ms,130.958µs,437.208µs,7.954625ms,115.168µs,[1]
8.531875ms,114.875µs,497.25µs,7.102625ms,103.333µs,[1]
8.608667ms,115.375µs,427.958µs,7.106083ms,102.706µs,[1]
10.672417ms,130.209µs,483.958µs,9.128169ms,122.916µs,[1]
9.627709ms,130.833µs,550.708µs,7.972459ms,116µs,[1]
9.338333ms,115.291µs,486.084µs,7.879958ms,113.043µs,[1]
8.400792ms,114.959µs,426.042µs,7.03371ms,102.125µs,[1]
8.784333ms,130.333µs,426.667µs,7.327415ms,106.916µs,[1]
9.222542ms,123.541µs,482.25µs,7.805665ms,110.498µs,[1]
8.391542ms,115.25µs,429.791µs,7.044458ms,101.916µs,[1]
9.311041ms,130.625µs,528.625µs,7.735877ms,113.166µs,[1]
8.545375ms,114.75µs,483.208µs,7.135333ms,101.541µs,[1]
9.606833ms,130.25µs,426.875µs,8.092083ms,116.584µs,[1]
8.711625ms,115.041µs,548.166µs,7.243501ms,102.126µs,[1]
9.569583ms,130.208µs,481.833µs,8.060874ms,115.917µs,[1]
8.637ms,115.584µs,616.208µs,7.101499ms,110.126µs,[1]
9.4085ms,114.792µs,481.583µs,7.962918ms,120.457µs,[1]
9.996375ms,131.125µs,427.25µs,8.52442ms,106.584µs,[1]
8.969875ms,115.709µs,484.375µs,7.534374ms,107.125µs,[1]
8.416167ms,115.334µs,442.291µs,7.054626ms,101.585µs,[1]
9.003917ms,130.583µs,430.458µs,7.549874ms,109.459µs,[1]
8.662708ms,114.958µs,486.666µs,7.239916ms,104.711µs,[1]
9.173167ms,130.917µs,425.458µs,7.648084ms,113.958µs,[1]
8.593792ms,115.5µs,487.958µs,7.182125ms,103.542µs,[1]
8.4195ms,116.167µs,427.583µs,7.062333ms,102.293µs,[1]
9.574667ms,131.334µs,494.083µs,8.026126ms,118.791µs,[1]
9.5715ms,130.667µs,491.75µs,8.035458ms,114.96µs,[1]
9.586417ms,130.333µs,486.125µs,8.058707ms,119.21µs,[1]
9.151333ms,115.458µs,487.875µs,7.731667ms,110.292µs,[1]
8.616083ms,130.5µs,428.167µs,7.171668ms,104.917µs,[1]
9.589833ms,130.958µs,489.791µs,8.054709ms,115.793µs,[1]
8.648625ms,115.125µs,481.292µs,7.222333ms,103.207µs,[1]
9.364875ms,133.917µs,437µs,7.894415ms,113.832µs,[1]
8.421292ms,115.791µs,426.625µs,7.063918ms,100.707µs,[1]
8.36775ms,115.416µs,428.625µs,7.0205ms,100.707µs,[1]
9.482375ms,130µs,435.292µs,8.010751ms,115.915µs,[1]
8.400125ms,120.459µs,426.708µs,7.050335ms,103.335µs,[1]
9.53825ms,131.708µs,484.583µs,7.973209ms,115.375µs,[1]
9.437166ms,115.625µs,486.375µs,8.01354ms,114.58µs,[1]
8.599375ms,130.459µs,428.916µs,7.122127ms,107.334µs,[1]
9.078667ms,115.542µs,488µs,7.656752ms,110.418µs,[1]
8.928709ms,129.667µs,437.417µs,7.473209ms,107.208µs,[1]
8.991583ms,115.958µs,484.5µs,7.536208ms,107.746µs,[1]
9.116375ms,130.667µs,430.875µs,7.628751ms,111.125µs,[1]
9.396167ms,115.458µs,488.416µs,7.168082ms,102.334µs,[1]
9.584834ms,130.542µs,493.084µs,8.038707ms,126.374µs,[1]
8.438042ms,115.583µs,436.166µs,7.069166ms,101.458µs,[1]
8.81125ms,147.459µs,428.416µs,7.333833ms,104.75µs,[1]
9.494542ms,117.584µs,483.083µs,7.976331ms,116.335µs,[1]
8.535167ms,130.292µs,443.084µs,7.061419ms,102.916µs,[1]
9.401292ms,114.833µs,482.584µs,7.991167ms,114.333µs,[1]
8.660875ms,130.166µs,430.792µs,7.193207ms,105.461µs,[1]
9.589375ms,130.375µs,485.75µs,7.987625ms,115.374µs,[1]
8.692083ms,116.542µs,496.167µs,7.272414ms,104.832µs,[1]
9.287208ms,132.292µs,426.209µs,7.820418ms,114.125µs,[1]
9.579375ms,130.333µs,517.584µs,8.028334ms,114.877µs,[1]
8.476292ms,114.708µs,434.625µs,7.108084ms,102.541µs,[1]
8.442375ms,118.042µs,435.583µs,7.039625ms,103.082µs,[1]
10.393875ms,129.875µs,547.375µs,7.993999ms,114.583µs,[1]
9.212042ms,115.084µs,494.209µs,7.792874ms,111.207µs,[1]
8.571333ms,130.875µs,431.583µs,7.112708ms,104.125µs,[1]
9.187459ms,114.417µs,494.208µs,7.751375ms,111.041µs,[1]
8.921583ms,132.583µs,427.416µs,7.415376ms,106.458µs,[1]
8.828333ms,115.209µs,573.333µs,7.336877ms,106.416µs,[1]
8.948042ms,130.166µs,424.375µs,7.49104ms,117.001µs,[1]
8.7185ms,115.334µs,482.416µs,7.296749ms,127.832µs,[1]
9.503542ms,130.542µs,429.041µs,8.008793ms,125.625µs,[1]
8.712792ms,115.667µs,429.292µs,7.210125ms,104.415µs,[1]
9.703333ms,132.917µs,484.667µs,8.091457ms,132.833µs,[1]
8.504542ms,115.625µs,451.917µs,7.123206ms,103.084µs,[1]
8.445459ms,130.166µs,430.167µs,7.059164ms,103.416µs,[1]
9.261958ms,114.959µs,483.084µs,7.829003ms,112.084µs,[1]
9.828959ms,130.5µs,429.25µs,7.189084ms,105.043µs,[1]
9.047334ms,115µs,488.041µs,7.611002ms,109.541µs,[1]
8.918416ms,130.5µs,435.125µs,7.469083ms,108.208µs,[1]
8.7505ms,115.25µs,487.667µs,7.334503ms,107.623µs,[1]
9.362292ms,129.958µs,458.292µs,7.862585ms,113.667µs,[1]
8.679875ms,115.375µs,486.583µs,7.17646ms,103.417µs,[1]
9.465292ms,130.25µs,428.708µs,7.999916ms,114.54µs,[1]
8.400291ms,115.334µs,429.5µs,7.051666ms,101.501µs,[1]
9.606417ms,130.167µs,489.083µs,8.073125ms,116.583µs,[1]
8.441583ms,133.291µs,438.291µs,7.080832ms,101.957µs,[1]
9.5835ms,118.458µs,486.583µs,8.139998ms,114µs,[1]
8.925ms,130.417µs,428.916µs,7.465043ms,106.917µs,[1]
9.135583ms,115.792µs,483.792µs,7.719959ms,115.375µs,[1]
8.420833ms,115.292µs,435.125µs,7.063289ms,101.751µs,[1]
10.070584ms,130.042µs,429.25µs,7.51746ms,109.167µs,[1]
8.759542ms,115.792µs,485.375µs,7.339665ms,105.458µs,[1]
9.27575ms,130.542µs,434.166µs,7.78446ms,113.877µs,[1]
8.416292ms,115µs,446.542µs,7.049709ms,101.667µs,[1]
9.523583ms,130.334µs,497.5µs,7.994789ms,115.207µs,[1]
8.430375ms,115.042µs,432.625µs,7.071499ms,101.332µs,[1]
8.4445ms,115.417µs,450.417µs,7.033375ms,102.669µs,[1]
10.717416ms,130.583µs,487.417µs,7.997917ms,115.709µs,[1]
9.155666ms,118.625µs,479.875µs,7.74929ms,111.876µs,[1]
8.569875ms,130.375µs,425.042µs,7.118709ms,102.543µs,[1]
9.207208ms,115.584µs,503.292µs,7.759832ms,109.166µs,[1]
8.918958ms,130.375µs,444.708µs,7.406542ms,108.918µs,[1]
8.8485ms,115.083µs,483.375µs,7.414501ms,105.25µs,[1]
8.42225ms,115.333µs,435.125µs,7.068791ms,102.124µs,[1]
9.957792ms,130.375µs,428.209µs,7.540706ms,110.085µs,[1]
9.59175ms,130.208µs,487.25µs,8.027544ms,116.667µs,[1]
8.429667ms,116.208µs,454.959µs,7.041958ms,102.709µs,[1]
9.598833ms,129.959µs,505.5µs,8.031417ms,116.376µs,[1]
8.412292ms,115.292µs,428.125µs,7.077457ms,101.709µs,[1]
8.487083ms,115.417µs,430.708µs,7.078707ms,103.998µs,[1]
9.529333ms,116.292µs,481.834µs,8.026793ms,115.375µs,[1]
10.140584ms,129.75µs,430.125µs,7.0585ms,102.543µs,[1]
9.201834ms,116.125µs,483.208µs,7.773874ms,110.875µs,[1]
8.428333ms,115.583µs,437.416µs,7.063541ms,101.29µs,[1]
8.919125ms,130.333µs,427.875µs,7.438584ms,107.5µs,[1]
8.818875ms,115.042µs,485.75µs,7.403208ms,106.124µs,[1]
8.383583ms,116.583µs,427.667µs,7.041333ms,102.332µs,[1]
9.331958ms,130.417µs,432.959µs,7.868875ms,115.082µs,[1]
9.624833ms,115.25µs,481.125µs,7.238292ms,106.167µs,[1]
9.50725ms,131µs,426.833µs,8.027123ms,116.083µs,[1]
8.422125ms,115.291µs,441µs,7.054584ms,101.208µs,[1]
9.518ms,130.333µs,500.875µs,7.984583ms,115.583µs,[1]
9.531417ms,115.417µs,533.916µs,8.009666ms,115.664µs,[1]
8.418917ms,114.917µs,436.416µs,7.071874ms,101.458µs,[1]
8.809291ms,130.625µs,426.834µs,7.231166ms,136.544µs,[1]
9.944541ms,116.167µs,484.167µs,7.607417ms,124.459µs,[1]
8.804208ms,130.167µs,430.042µs,7.340666ms,107.875µs,[1]
9.183583ms,115.459µs,548.125µs,7.715626ms,105.793µs,[1]
9.193542ms,130.042µs,433.625µs,7.729ms,114.043µs,[1]
8.632375ms,141.208µs,484.958µs,7.089207ms,102.835µs,[1]
9.52175ms,135.75µs,491.375µs,8.000459ms,117.083µs,[1]
8.40525ms,115.667µs,435.875µs,7.052706ms,102.25µs,[1]
9.170958ms,114.958µs,429.667µs,7.067043ms,102.333µs,[1]
9.493ms,114.958µs,482.625µs,7.994918ms,116.499µs,[1]
8.589291ms,133.042µs,460.958µs,7.062334ms,103.084µs,[1]
9.439625ms,115.292µs,538.167µs,7.937667ms,115.541µs,[1]
8.673792ms,130.208µs,431.709µs,7.207001ms,103.792µs,[1]
9.045292ms,116.875µs,485.625µs,7.631585ms,109.586µs,[1]
9.073542ms,130.166µs,427.25µs,7.586959ms,110.25µs,[1]
10.1585ms,124.25µs,483.625µs,7.242ms,105.082µs,[1]
9.305375ms,130.375µs,428.458µs,7.805666ms,115.083µs,[1]
8.395291ms,115.375µs,435.125µs,7.035875ms,101.958µs,[1]
9.548667ms,130.375µs,486.958µs,8.012459ms,114.458µs,[1]
8.410583ms,115.125µs,427.375µs,7.070041ms,102.58µs,[1]
8.402625ms,114.917µs,427.917µs,7.051584ms,101.208µs,[1]
9.549083ms,130.208µs,487.625µs,8.032168ms,114.625µs,[1]
10.471291ms,130.208µs,485.375µs,8.952751ms,117.086µs,[1]
9.182333ms,115.166µs,486.417µs,7.76854ms,111.959µs,[1]
8.450959ms,115.459µs,444.917µs,7.064001ms,102.415µs,[1]
8.896041ms,130.583µs,430.458µs,7.415209ms,108.832µs,[1]
8.830625ms,116.667µs,496.834µs,7.417791ms,105.459µs,[1]
9.238667ms,130.625µs,428.75µs,7.777625ms,114.416µs,[1]
8.499667ms,114.958µs,484.708µs,7.10079ms,102.166µs,[1]
10.292666ms,130.458µs,432.708µs,8.816835ms,120.208µs,[1]
8.39325ms,115.542µs,425.75µs,7.036416ms,101.459µs,[1]
9.76725ms,130.292µs,687.917µs,7.98554ms,125.082µs,[1]
8.533375ms,129.917µs,476.667µs,7.054459ms,102.542µs,[1]
9.458ms,115.25µs,487.042µs,8.02875ms,116.085µs,[1]
8.618584ms,130µs,434.291µs,7.153544ms,102.957µs,[1]
9.103667ms,115.625µs,481.166µs,7.6765ms,110.21µs,[1]
9.981041ms,130.708µs,443.125µs,8.491208ms,111.041µs,[1]
8.680125ms,115.667µs,486.458µs,7.269749ms,104.709µs,[1]
9.123125ms,130.167µs,438.75µs,7.637378ms,110.248µs,[1]
8.602792ms,114.833µs,485.958µs,7.189667ms,103.624µs,[1]
8.387125ms,115.334µs,428.208µs,7.035045ms,102.291µs,[1]
9.484708ms,130.209µs,455.708µs,7.97446ms,116.168µs,[1]
8.412792ms,115.208µs,435.25µs,7.050958ms,101.792µs,[1]
10.707875ms,130.25µs,486.291µs,9.16304ms,119.417µs,[1]
9.422ms,115.25µs,504.625µs,7.9735ms,115.168µs,[1]
8.77525ms,130.708µs,428.834µs,7.217542ms,106.667µs,[1]
9.003209ms,115.417µs,486.75µs,7.581209ms,108.832µs,[1]
8.777625ms,130.5µs,430.875µs,7.320666ms,105.876µs,[1]
8.973875ms,115.542µs,485.666µs,7.553958ms,107.498µs,[1]
9.173709ms,129.916µs,427.667µs,7.714334ms,111.21µs,[1]
9.506584ms,115.709µs,482.833µs,8.078543ms,105µs,[1]
9.541209ms,129.875µs,490.875µs,7.999584ms,116.251µs,[1]
8.420083ms,115.542µs,428.625µs,7.063043ms,101.045µs,[1]
8.491167ms,115.875µs,429.458µs,7.128457ms,103.667µs,[1]
9.543959ms,129.75µs,484.875µs,7.994748ms,115.043µs,[1]
8.459416ms,131.792µs,429.417µs,7.056334ms,101.791µs,[1]
9.242041ms,116.708µs,503.583µs,7.803502ms,111.751µs,[1]
8.650459ms,132.667µs,427.125µs,7.192708ms,105.415µs,[1]
9.11925ms,115.334µs,487.334µs,7.687293ms,109.792µs,[1]
9.0505ms,130.209µs,430.875µs,7.596915ms,110.085µs,[1]
8.670042ms,115.666µs,484.125µs,7.272126ms,105.458µs,[1]
9.358333ms,130.542µs,441.417µs,7.87096ms,114.709µs,[1]
8.603208ms,114.792µs,487.542µs,7.184543ms,103.708µs,[1]
8.976436121s
